{
  "accuracy": 0.8666109442710876,
  "loss": 0.8386810421943665,
  "val_accuracy": 0.8312790989875793,
  "val_loss": 1.0110447406768799,
  "epoch": 4,
  "global_step": 465
}