{
  "accuracy": 0.9030559659004211,
  "loss": 0.5882040858268738,
  "val_accuracy": 0.5825954675674438,
  "val_loss": 2.2927041053771973,
  "epoch": 2,
  "global_step": 279
}