{
  "accuracy": 0.8903893828392029,
  "loss": 0.6263083219528198,
  "val_accuracy": 0.874037504196167,
  "val_loss": 0.7333122491836548,
  "epoch": 13,
  "global_step": 1302
}